Job Title,Category,Status,Location
Senior Accountant,Finance & Accounting,Regular,London
Australia Marketing Manager,Sales & Marketing,Regular,Sydney
Business Marketer,Sales & Marketing,Regular,Los Angeles
Marketing Operations Analyst,Sales & Marketing,Regular,Los Angeles
Media Planner/Buyer,Sales & Marketing,Regular,Los Angeles
Production Pipeline Supervisor,Sales & Marketing,Regular,Los Angeles
Assistant Story Editor (Part-Time),Content,Regular,London
Assistant Story Editor (Part-Time),Content,Regular,New York
"Audience Development, Shows",Content,Fixed-term,Los Angeles
"Producer, News",Content,Regular,Los Angeles
"Producer, Politics",Content,Regular,Los Angeles
Content Review Associate (Contract),Content,Agency Contractor,Los Angeles
Copy Editor (Contract),Content,Agency Contractor,London
Copy Editor (Contract),Content,Agency Contractor,Los Angeles
Data Scientist,Engineering,Regular,Los Angeles
"Data Scientist, Revenue Analytics",Revenue Product & Programs,Regular,Los Angeles
Product Designer,Design,Regular,Los Angeles
Technical Artist,Camera Platform,Regular,Los Angeles
Android Engineer,Camera Platform,Regular,Los Angeles
Android Engineer,Engineering,Regular,Los Angeles
AV Deployment Engineer,Information Technology,Regular,London
Backend Software Engineer,Camera Platform,Regular,Los Angeles
Data Engineer,Engineering,Regular,Los Angeles
Friending Backend Software Engineering Manager,Engineering,Regular,Seattle
Front End Software Engineer,Engineering,Regular,Los Angeles
Front End Software Engineer,Camera Platform,Regular,Los Angeles
Information Security Engineer,Engineering,Regular,San Francisco
Information Security Engineer,Engineering,Regular,Switzerland
Information Security Engineer,Engineering,Regular,Los Angeles
Interactive Engineer,Camera Platform,Regular,Los Angeles
iOS Engineer,Engineering,Regular,Los Angeles
"Manager, Software Engineering",Engineering,Regular,Los Angeles
"Manager, Software Engineering",Engineering,Regular,Seattle
Privacy Engineer,Engineering,Regular,Los Angeles
QA Engineer,Engineering,Regular,Seattle
QA Engineer,Engineering,Regular,Los Angeles
QA Engineer,Engineering,Regular,New York
"QA Engineer, Automation",Camera Platform,Regular,Los Angeles
Release Engineer,Engineering,Regular,Los Angeles
Release Engineer,Camera Platform,Regular,Los Angeles
Salesforce Administrator,Sales & Marketing,Regular,Los Angeles
Salesforce Developer,Sales & Marketing,Regular,Los Angeles
"Security Engineer, Detection & Response",Engineering,Regular,Los Angeles
"Security Engineer, Detection & Response",Engineering,Regular,Switzerland
"Security Engineer, Infrastructure Protection",Engineering,Regular,Switzerland
"Security Engineer, Infrastructure Protection",Engineering,Regular,Los Angeles
"Security Engineer, Infrastructure Protection",Engineering,Regular,Seattle
"Security Engineer, Spam & Abuse",Engineering,Regular,Los Angeles
Security Technical Program Manager,Engineering,Regular,Los Angeles
Senior Android Engineer,Engineering,Regular,Mountain View
Senior iOS Engineer,Engineering,Regular,Mountain View
"Senior Software Engineer, Enterprise Web Applications",Engineering,Regular,Los Angeles
Software Engineer,Engineering,Regular,New York
Software Engineer,Engineering,Regular,Los Angeles
Software Engineer,Engineering,Regular,Lehi
Software Engineer,Engineering,Regular,London
Software Engineer,Engineering,Regular,Seattle
"Software Engineer, App Hardening",Engineering,Regular,Switzerland
"Software Engineer, C++",Camera Platform,Regular,Los Angeles
"Software Engineer, Computer Vision",Camera Platform,Regular,London
"Software Engineer, C++/Qt",Camera Platform,Regular,Los Angeles
"Software Engineer, Infrastructure",Engineering,Regular,Sydney
"Software Engineer, Machine Learning",Camera Platform,Regular,Los Angeles
"Software Engineer, Test Platform",Engineering,Regular,Los Angeles
Software Engineer - University Grad 2018,Engineering,Regular,Los Angeles
System Development Operations Engineer,Engineering,Regular,Los Angeles
Systems Engineer,Information Technology,Regular,Los Angeles
Technical Lead,Engineering,Regular,Los Angeles
Technical Lead,Bitmoji,Regular,Toronto
Technical Program Manager,Engineering,Regular,Los Angeles
QA Engineer (Contract),Engineering,Agency Contractor,Los Angeles
Accounting Manager,Finance & Accounting,Regular,Ukraine
"Senior Accountant, Revenue",Finance & Accounting,Regular,Los Angeles
"Senior Accountant, Technical Reporting",Finance & Accounting,Regular,Los Angeles
"Senior Financial Analyst, Sales Finance",Finance & Accounting,Regular,Sydney
"Senior Financial Analyst, Sales Finance",Finance & Accounting,Regular,Chicago
"Senior Manager, Tax Accounting & Compliance",Finance & Accounting,Regular,Los Angeles
Growth Marketing Manager,Growth,Regular,Los Angeles
"Product Manager, Friending Platform",Growth,Regular,Seattle
"Product Manager, Performance",Growth,Regular,Los Angeles
Council Facilitator (Part-Time),Human Resources,Regular,Sydney
Council Facilitator (Part-Time),Human Resources,Regular,Toronto
HR Generalist,Human Resources,Regular,New York
Senior HR Team Advisor,Human Resources,Regular,Los Angeles
AV Escalation Technician,Information Technology,Regular,New York
AV Technician,Information Technology,Regular,Los Angeles
IT Applications Engineer,Information Technology,Regular,Los Angeles
IT Infrastructure Builds Technician,Information Technology,Regular,London
IT Infrastructure Builds Technician,Information Technology,Regular,Los Angeles
Network Engineer,Information Technology,Regular,Los Angeles
Technical Program Manager,Information Technology,Regular,Los Angeles
"Country Consultant, India (Contract)",Language Ambassador Program,Independent Contractor,Remote
"Language Ambassador, Arabic (Contract)",Language Ambassador Program,Independent Contractor,Remote
"Language Ambassador, Chinese (Contract)",Language Ambassador Program,Independent Contractor,Remote
"Language Ambassador, Hebrew (Contract)",Language Ambassador Program,Independent Contractor,Remote
"Language Ambassador, Japanese (Contract)",Language Ambassador Program,Independent Contractor,Remote
"Language Ambassador, Korean (Contract)",Language Ambassador Program,Independent Contractor,Remote
"Language Ambassador, Polish (Contract)",Language Ambassador Program,Independent Contractor,Remote
"Language Ambassador, Turkish (Contract)",Language Ambassador Program,Independent Contractor,Remote
Commercial Counsel,Legal,Regular,London
"Counsel, Media & Technology",Legal,Regular,Los Angeles
"Counsel, Media & Technology - Content",Legal,Regular,Los Angeles
"Counsel, Media & Technology - Hardware & Technology Transactions",Legal,Regular,Los Angeles
"Counsel, Media & Technology, Placed",Legal,Regular,Seattle
"Counsel, Revenue & Marketing",Legal,Regular,Los Angeles
Employment Counsel,Legal,Regular,Los Angeles
"Product Counsel, Placed",Legal,Regular,Seattle
Patent Counsel (Contract),Legal,Agency Contractor,Los Angeles
Measurement Lead,Revenue Operations,Regular,Sydney
Measurement Lead,Revenue Operations,Regular,San Francisco
Measurement Lead,Revenue Operations,Regular,Dubai
Measurement Lead,Revenue Operations,Regular,New York
Senior Marketing Science Analyst,Revenue Operations,Regular,New York
Ad Review Specialist,Customer Operations,Regular,Los Angeles
"Product Quality Lead, Ad Support",Customer Operations,Regular,Los Angeles
Reporting & Insights Analyst,Customer Operations,Regular,Los Angeles
Senior Ad Review Specialist,Customer Operations,Regular,London
Senior App Support Specialist,Customer Operations,Regular,Los Angeles
Senior Business Support Specialist,Customer Operations,Regular,London
Vendor Operations Program Manager,Customer Operations,Regular,Los Angeles
Pricing & Yield Coordinator (Contract),Revenue Operations,Agency Contractor,Los Angeles
Trust & Safety Content Review Associate (Contract),Customer Operations,Agency Contractor,Los Angeles
SMB Partnerships Senior Associate,Sales & Marketing,Regular,Los Angeles
"Product Manager, Content",Content,Regular,Los Angeles
"Product Manager, Revenue",Revenue Product & Programs,Regular,Los Angeles
"Product Manager, Revenue â€“ Measurement",Revenue Product & Programs,Regular,Los Angeles
"Product Manager, Revenue - Sponsored Creative Tools",Revenue Product & Programs,Regular,Los Angeles
Product Strategy Manager,Content,Regular,Los Angeles
Research Engineer,Research,Regular,Los Angeles
"Research Engineer, Computer Vision",Camera Platform,Regular,London
"Research Engineer, Computer Vision",Camera Platform,Regular,Los Angeles
"Research Engineer, Machine Learning",Camera Platform,Regular,Los Angeles
"Research, New Ph.D. Grad/Post Doctorate",Research,Regular,Los Angeles
Research Scientist,Research,Regular,Los Angeles
Research Scientist,Research,Regular,Seattle
Research Scientist,Research,Regular,San Francisco
"Pricing & Yield Manager, Strategy and Implementation",Revenue Operations,Regular,Los Angeles
Account Executive,Sales & Marketing,Regular,London
Account Executive,Sales & Marketing,Regular,Hamburg
Account Executive,Sales & Marketing,Regular,New York
Account Executive,Sales & Marketing,Regular,Toronto
Account Executive,Sales & Marketing,Regular,Paris
Account Manager,Sales & Marketing,Regular,London
Account Manager,Sales & Marketing,Regular,San Francisco
Account Manager,Sales & Marketing,Regular,Hamburg
Account Specialist,Sales & Marketing,Regular,Los Angeles
Ad Operations Associate,Ad Operations,Regular,New York
Sales Manager,Sales & Marketing,Regular,London
Senior Creative Strategist,Sales & Marketing,Regular,Paris
Senior SMB Agency Specialist,Inside Sales,Regular,Los Angeles
Senior SMB Sales Specialist,Inside Sales,Regular,Los Angeles
SMB Agency Specialist,Inside Sales,Regular,Los Angeles
Ad Operations Coordinator (Contract),Ad Operations,Agency Contractor,Toronto
Sales Coordinator (Contract),Sales & Marketing,Agency Contractor,Toronto
Sales Operations Manager,Revenue Operations,Regular,Los Angeles
Protective Services Advisor,Security,Regular,Los Angeles
Residential Security Officer,Security,Regular,Los Angeles
Security Lead,Security,Regular,Los Angeles
Senior Lead Security Officer,Security,Regular,Los Angeles
Workplace Services Operator,Security,Regular,Los Angeles
Associate Talent Sourcer (Contract),Talent Acquisition,Agency Contractor,Los Angeles
Senior Recruiting Operations Specialist (Contract),Talent Acquisition,Agency Contractor,Los Angeles
Senior Talent Sourcer (Contract),Talent Acquisition,Agency Contractor,Los Angeles
Talent Sourcer (Contract),Talent Acquisition,Agency Contractor,Los Angeles
